/*
Navicat MySQL Data Transfer

Source Server         : localhost
Source Server Version : 50505
Source Host           : localhost:3306
Source Database       : alumni

Target Server Type    : MYSQL
Target Server Version : 50505
File Encoding         : 65001

Date: 2017-05-11 20:46:32
*/

SET FOREIGN_KEY_CHECKS=0;

-- ----------------------------
-- Table structure for `al_allowable_national_id`
-- ----------------------------
DROP TABLE IF EXISTS `al_allowable_national_id`;
CREATE TABLE `al_allowable_national_id` (
  `id` int(11) NOT NULL AUTO_INCREMENT,
  `national_id` varchar(255) COLLATE utf8_bin NOT NULL,
  PRIMARY KEY (`id`)
) ENGINE=InnoDB AUTO_INCREMENT=16 DEFAULT CHARSET=utf8 COLLATE=utf8_bin;

-- ----------------------------
-- Records of al_allowable_national_id
-- ----------------------------
INSERT INTO `al_allowable_national_id` VALUES ('1', '123');
INSERT INTO `al_allowable_national_id` VALUES ('2', '78877874545');
INSERT INTO `al_allowable_national_id` VALUES ('3', '888888');
INSERT INTO `al_allowable_national_id` VALUES ('4', '8978945312');
INSERT INTO `al_allowable_national_id` VALUES ('5', '54148875445');
INSERT INTO `al_allowable_national_id` VALUES ('6', '123456789');
INSERT INTO `al_allowable_national_id` VALUES ('7', '774112258');
INSERT INTO `al_allowable_national_id` VALUES ('8', '0123456');
INSERT INTO `al_allowable_national_id` VALUES ('9', '014778855');
INSERT INTO `al_allowable_national_id` VALUES ('10', '515454121');
INSERT INTO `al_allowable_national_id` VALUES ('11', '12345');
INSERT INTO `al_allowable_national_id` VALUES ('12', '12');
INSERT INTO `al_allowable_national_id` VALUES ('13', '88997');
INSERT INTO `al_allowable_national_id` VALUES ('14', '123456');
INSERT INTO `al_allowable_national_id` VALUES ('15', '88888');

-- ----------------------------
-- Table structure for `al_event`
-- ----------------------------
DROP TABLE IF EXISTS `al_event`;
CREATE TABLE `al_event` (
  `event_id` int(11) NOT NULL AUTO_INCREMENT,
  `event_name` varchar(255) COLLATE utf8_bin NOT NULL,
  `description` text COLLATE utf8_bin NOT NULL,
  `event_url` varchar(255) COLLATE utf8_bin NOT NULL,
  `date_start` datetime DEFAULT NULL,
  `date_end` datetime DEFAULT NULL,
  `created_by` int(11) DEFAULT NULL,
  `image` varchar(255) COLLATE utf8_bin DEFAULT NULL,
  `place` varchar(255) COLLATE utf8_bin DEFAULT NULL,
  `active` tinyint(4) DEFAULT '1',
  `date_created` timestamp NULL DEFAULT CURRENT_TIMESTAMP,
  `event_name_ar` varchar(255) COLLATE utf8_bin DEFAULT NULL,
  `description_ar` text COLLATE utf8_bin,
  `place_ar` varchar(255) COLLATE utf8_bin DEFAULT NULL,
  PRIMARY KEY (`event_id`),
  KEY `al_event_ibfk_1` (`created_by`),
  CONSTRAINT `al_event_ibfk_1` FOREIGN KEY (`created_by`) REFERENCES `al_user` (`user_id`) ON DELETE CASCADE ON UPDATE CASCADE
) ENGINE=InnoDB AUTO_INCREMENT=4 DEFAULT CHARSET=utf8 COLLATE=utf8_bin;

-- ----------------------------
-- Records of al_event
-- ----------------------------
INSERT INTO `al_event` VALUES ('1', 'Event 1', 0x4576656E742031204465736372697074696F6E, 'Event-1', '2017-04-01 14:30:00', '2017-04-01 20:00:00', null, 'event.jpg', 'Makka', '1', '2017-03-19 02:23:11', 'حدث 1', 0xD8AAD981D8A7D8B5D98AD98420D8ADD8AFD8AB2031, 'مكة');
INSERT INTO `al_event` VALUES ('3', 'Event 2', 0x4576656E7420322044657363, 'Event-2', '2017-04-01 14:30:00', '2017-04-30 15:00:00', null, '3709-IMG_4001.JPG', 'Egypt', '1', '2017-03-19 02:29:38', 'حدث 2', 0xD8ADD8AFD8AB2032, 'مصر');

-- ----------------------------
-- Table structure for `al_event_participant`
-- ----------------------------
DROP TABLE IF EXISTS `al_event_participant`;
CREATE TABLE `al_event_participant` (
  `event_participant_id` int(11) NOT NULL AUTO_INCREMENT,
  `event_id` int(11) NOT NULL,
  `participant_id` int(11) NOT NULL,
  `participant_status` int(11) NOT NULL,
  PRIMARY KEY (`event_participant_id`),
  KEY `al_event_participant_ibfk_1` (`event_id`),
  KEY `participant_status` (`participant_status`),
  KEY `participant_id` (`participant_id`),
  CONSTRAINT `al_event_participant_ibfk_1` FOREIGN KEY (`event_id`) REFERENCES `al_event` (`event_id`) ON DELETE CASCADE ON UPDATE CASCADE,
  CONSTRAINT `al_event_participant_ibfk_2` FOREIGN KEY (`participant_status`) REFERENCES `al_participation_status` (`participation_status_id`),
  CONSTRAINT `al_event_participant_ibfk_3` FOREIGN KEY (`participant_id`) REFERENCES `al_user` (`user_id`) ON DELETE CASCADE ON UPDATE CASCADE
) ENGINE=InnoDB AUTO_INCREMENT=10 DEFAULT CHARSET=utf8 COLLATE=utf8_bin;

-- ----------------------------
-- Records of al_event_participant
-- ----------------------------
INSERT INTO `al_event_participant` VALUES ('9', '3', '6', '1');

-- ----------------------------
-- Table structure for `al_group`
-- ----------------------------
DROP TABLE IF EXISTS `al_group`;
CREATE TABLE `al_group` (
  `group_id` int(11) NOT NULL AUTO_INCREMENT,
  `group_name` varchar(255) COLLATE utf8_bin NOT NULL,
  `created_by` int(11) NOT NULL,
  `description` text COLLATE utf8_bin,
  `date_created` timestamp NULL DEFAULT CURRENT_TIMESTAMP,
  `image` varchar(255) COLLATE utf8_bin DEFAULT NULL,
  PRIMARY KEY (`group_id`),
  KEY `created_by` (`created_by`),
  CONSTRAINT `al_group_ibfk_1` FOREIGN KEY (`created_by`) REFERENCES `al_user` (`user_id`)
) ENGINE=InnoDB AUTO_INCREMENT=8 DEFAULT CHARSET=utf8 COLLATE=utf8_bin;

-- ----------------------------
-- Records of al_group
-- ----------------------------
INSERT INTO `al_group` VALUES ('1', 'Group 1', '5', '', '2017-03-18 00:49:31', 'group.png');
INSERT INTO `al_group` VALUES ('2', 'Group 2', '5', 0x47726F757020322044657363, '2017-03-18 01:09:58', '7636-photo2.png');
INSERT INTO `al_group` VALUES ('3', 'خريجى 2010', '4', 0xD987D8B0D98720D8A7D984D985D8ACD985D988D8B9D8A920D985D8AED8B5D8B5D8A920D984D8AED8B1D98AD8ACD989203230313020D981D982D8B7, '2017-03-18 01:13:57', '5097-user6-128x128.jpg');
INSERT INTO `al_group` VALUES ('4', 'ay 7aga', '3', 0x736164736164, '2017-04-25 16:59:20', 'group.png');
INSERT INTO `al_group` VALUES ('5', 'ay btngan', '3', 0x68616868686168736B7361646B6A73616E6E202C6D, '2017-04-25 17:00:46', 'group.png');
INSERT INTO `al_group` VALUES ('6', 'aaa', '3', 0x73737373, '2017-04-25 17:54:24', '2137-avatar5.png');
INSERT INTO `al_group` VALUES ('7', 'ppp', '3', 0x797779, '2017-04-25 17:55:47', '7520-avatar04.png');

-- ----------------------------
-- Table structure for `al_group_chat`
-- ----------------------------
DROP TABLE IF EXISTS `al_group_chat`;
CREATE TABLE `al_group_chat` (
  `group_chat_id` int(11) NOT NULL AUTO_INCREMENT,
  `group_id` int(11) NOT NULL,
  `user_id` int(11) NOT NULL,
  `msg` varchar(255) COLLATE utf8_bin NOT NULL,
  `date_created` datetime NOT NULL,
  PRIMARY KEY (`group_chat_id`),
  KEY `user_id` (`user_id`),
  KEY `group_id` (`group_id`),
  CONSTRAINT `al_group_chat_ibfk_1` FOREIGN KEY (`user_id`) REFERENCES `al_user` (`user_id`) ON DELETE CASCADE ON UPDATE CASCADE,
  CONSTRAINT `al_group_chat_ibfk_2` FOREIGN KEY (`group_id`) REFERENCES `al_group` (`group_id`) ON DELETE CASCADE ON UPDATE CASCADE
) ENGINE=InnoDB AUTO_INCREMENT=29 DEFAULT CHARSET=utf8 COLLATE=utf8_bin;

-- ----------------------------
-- Records of al_group_chat
-- ----------------------------
INSERT INTO `al_group_chat` VALUES ('1', '7', '3', 'test', '2017-04-25 19:18:53');
INSERT INTO `al_group_chat` VALUES ('2', '7', '3', 'lol', '2017-04-25 19:19:27');
INSERT INTO `al_group_chat` VALUES ('3', '7', '3', 'got it', '2017-04-25 19:20:34');
INSERT INTO `al_group_chat` VALUES ('4', '7', '3', 'got it is working', '2017-04-25 19:20:42');
INSERT INTO `al_group_chat` VALUES ('5', '7', '3', 'well', '2017-04-25 19:20:53');
INSERT INTO `al_group_chat` VALUES ('6', '7', '3', 'woow', '2017-04-25 19:20:58');
INSERT INTO `al_group_chat` VALUES ('7', '7', '3', 'shit', '2017-04-25 19:21:41');
INSERT INTO `al_group_chat` VALUES ('8', '7', '3', 'it is very nic', '2017-04-25 19:21:52');
INSERT INTO `al_group_chat` VALUES ('9', '7', '3', 'have you ever seen a chat like this? i think you never see somethig brilliant like this ^^', '2017-04-25 19:22:37');
INSERT INTO `al_group_chat` VALUES ('10', '6', '3', 'iam the first ^_^', '2017-04-25 19:23:23');
INSERT INTO `al_group_chat` VALUES ('11', '7', '6', 'welcome', '2017-04-25 19:42:08');
INSERT INTO `al_group_chat` VALUES ('12', '7', '3', 'welcome bro', '2017-04-25 19:42:29');
INSERT INTO `al_group_chat` VALUES ('13', '7', '3', 'can i help you?', '2017-04-25 19:42:42');
INSERT INTO `al_group_chat` VALUES ('14', '7', '6', 'yes sure', '2017-04-25 19:42:57');
INSERT INTO `al_group_chat` VALUES ('15', '7', '3', 'ok bro just let me know what you need.', '2017-04-25 19:46:49');
INSERT INTO `al_group_chat` VALUES ('16', '7', '3', 'hat ya sh2e2', '2017-04-25 19:50:24');
INSERT INTO `al_group_chat` VALUES ('17', '7', '6', 'booom', '2017-04-25 19:50:44');
INSERT INTO `al_group_chat` VALUES ('18', '7', '3', 'bam bam begelo', '2017-04-25 19:50:55');
INSERT INTO `al_group_chat` VALUES ('19', '7', '6', 'it is ultra good', '2017-04-25 19:51:06');
INSERT INTO `al_group_chat` VALUES ('20', '7', '3', 'it is very good', '2017-04-25 19:51:29');
INSERT INTO `al_group_chat` VALUES ('21', '7', '6', 'is', '2017-04-25 19:51:50');
INSERT INTO `al_group_chat` VALUES ('22', '7', '6', 'this ', '2017-04-25 19:51:53');
INSERT INTO `al_group_chat` VALUES ('23', '7', '6', 'a good', '2017-04-25 19:51:57');
INSERT INTO `al_group_chat` VALUES ('24', '7', '6', 'pp', '2017-04-25 19:52:03');
INSERT INTO `al_group_chat` VALUES ('25', '7', '6', '. ', '2017-04-25 19:52:05');
INSERT INTO `al_group_chat` VALUES ('26', '7', '9', 'hello', '2017-04-25 20:05:04');
INSERT INTO `al_group_chat` VALUES ('27', '7', '9', 'شغل عربي؟', '2017-04-25 20:05:31');
INSERT INTO `al_group_chat` VALUES ('28', '7', '9', 'did it', '2017-04-25 20:23:05');

-- ----------------------------
-- Table structure for `al_group_participant`
-- ----------------------------
DROP TABLE IF EXISTS `al_group_participant`;
CREATE TABLE `al_group_participant` (
  `group_participant_id` int(11) NOT NULL AUTO_INCREMENT,
  `group_id` int(11) NOT NULL,
  `participant_id` int(11) NOT NULL,
  PRIMARY KEY (`group_participant_id`),
  KEY `participant_id` (`participant_id`),
  KEY `group_id` (`group_id`),
  CONSTRAINT `al_group_participant_ibfk_1` FOREIGN KEY (`participant_id`) REFERENCES `al_user` (`user_id`) ON DELETE CASCADE ON UPDATE CASCADE,
  CONSTRAINT `al_group_participant_ibfk_2` FOREIGN KEY (`group_id`) REFERENCES `al_group` (`group_id`) ON DELETE CASCADE ON UPDATE CASCADE
) ENGINE=InnoDB AUTO_INCREMENT=10 DEFAULT CHARSET=utf8 COLLATE=utf8_bin;

-- ----------------------------
-- Records of al_group_participant
-- ----------------------------
INSERT INTO `al_group_participant` VALUES ('1', '7', '3');
INSERT INTO `al_group_participant` VALUES ('6', '6', '3');
INSERT INTO `al_group_participant` VALUES ('7', '7', '6');
INSERT INTO `al_group_participant` VALUES ('9', '7', '9');

-- ----------------------------
-- Table structure for `al_news`
-- ----------------------------
DROP TABLE IF EXISTS `al_news`;
CREATE TABLE `al_news` (
  `news_id` int(11) NOT NULL AUTO_INCREMENT,
  `news_name` varchar(255) COLLATE utf8_bin NOT NULL,
  `news_url` varchar(255) COLLATE utf8_bin NOT NULL,
  `description` text COLLATE utf8_bin NOT NULL,
  `created_by` int(11) DEFAULT NULL,
  `image` varchar(255) COLLATE utf8_bin DEFAULT NULL,
  `active` tinyint(4) DEFAULT '1',
  `date_created` timestamp NULL DEFAULT CURRENT_TIMESTAMP,
  `news_name_ar` varchar(255) COLLATE utf8_bin DEFAULT NULL,
  `description_ar` text COLLATE utf8_bin,
  PRIMARY KEY (`news_id`),
  KEY `al_event_ibfk_1` (`created_by`),
  CONSTRAINT `al_news_ibfk_1` FOREIGN KEY (`created_by`) REFERENCES `al_user` (`user_id`) ON DELETE CASCADE ON UPDATE CASCADE
) ENGINE=InnoDB AUTO_INCREMENT=4 DEFAULT CHARSET=utf8 COLLATE=utf8_bin;

-- ----------------------------
-- Records of al_news
-- ----------------------------
INSERT INTO `al_news` VALUES ('1', 'News 1', 'News-1', 0x53757370656E64697373652071756F733F2054656D707573206372617320697572652074656D706F72696275733F200D0A202020202020202020202020202020202020202020202020202020204575206C617564616E7469756D20637562696C69612073656D2073656D2120526570756469616E64616520657421200D0A202020202020202020202020202020202020202020202020202020204D617373612073656E656374757320656E696D206D696E696D20736F63696F7371752064656C656374757320706F73756572652E0D0A2020202020202020202020202020202020202020202020202020202053757370656E64697373652071756F733F2054656D707573206372617320697572652074656D706F72696275733F200D0A202020202020202020202020202020202020202020202020202020204575206C617564616E7469756D20637562696C69612073656D2073656D2120526570756469616E64616520657421200D0A202020202020202020202020202020202020202020202020202020204D617373612073656E656374757320656E696D206D696E696D20736F63696F7371752064656C656374757320706F73756572652E0D0A2020202020202020202020202020202020202020202020202020202053757370656E64697373652071756F733F2054656D707573206372617320697572652074656D706F72696275733F200D0A202020202020202020202020202020202020202020202020202020204575206C617564616E7469756D20637562696C69612073656D2073656D2120526570756469616E64616520657421200D0A202020202020202020202020202020202020202020202020202020204D617373612073656E656374757320656E696D206D696E696D20736F63696F7371752064656C656374757320706F73756572652E0D0A2020202020202020202020202020202020202020202020202020202053757370656E64697373652071756F733F2054656D707573206372617320697572652074656D706F72696275733F200D0A202020202020202020202020202020202020202020202020202020204575206C617564616E7469756D20637562696C69612073656D2073656D2120526570756469616E64616520657421200D0A202020202020202020202020202020202020202020202020202020204D617373612073656E656374757320656E696D206D696E696D20736F63696F7371752064656C656374757320706F73756572652E0D0A2020202020202020202020202020202020202020202020202020202053757370656E64697373652071756F733F2054656D707573206372617320697572652074656D706F72696275733F200D0A202020202020202020202020202020202020202020202020202020204575206C617564616E7469756D20637562696C69612073656D2073656D2120526570756469616E64616520657421200D0A202020202020202020202020202020202020202020202020202020204D617373612073656E656374757320656E696D206D696E696D20736F63696F7371752064656C656374757320706F73756572652E0D0A2020202020202020202020202020202020202020202020202020202053757370656E64697373652071756F733F2054656D707573206372617320697572652074656D706F72696275733F200D0A202020202020202020202020202020202020202020202020202020204575206C617564616E7469756D20637562696C69612073656D2073656D2120526570756469616E64616520657421200D0A202020202020202020202020202020202020202020202020202020204D617373612073656E656374757320656E696D206D696E696D20736F63696F7371752064656C656374757320706F73756572652E0D0A2020202020202020202020202020202020202020202020202020202053757370656E64697373652071756F733F2054656D707573206372617320697572652074656D706F72696275733F200D0A202020202020202020202020202020202020202020202020202020204575206C617564616E7469756D20637562696C69612073656D2073656D2120526570756469616E64616520657421200D0A202020202020202020202020202020202020202020202020202020204D617373612073656E656374757320656E696D206D696E696D20736F63696F7371752064656C656374757320706F73756572652E, null, 'news.jpg', '1', '2017-03-18 16:35:50', 'خبر 1', 0xD8AAD981D8A7D8B5D98AD98420D8AED8A8D8B12031);
INSERT INTO `al_news` VALUES ('2', 'News 2', 'News-2', 0x4E6577732032204465736372697074696F6E, null, '5361-IMG_4063.JPG', '0', '2017-03-18 16:43:51', 'خبر 2', 0xD8AAD981D8A7D8B5D98AD98420D8AED8A8D8B12032);
INSERT INTO `al_news` VALUES ('3', 'News 1', 'News-11291', 0x62626262, null, 'news.jpg', '1', '2017-04-06 01:42:16', 'aaabbb', 0x636363);

-- ----------------------------
-- Table structure for `al_page`
-- ----------------------------
DROP TABLE IF EXISTS `al_page`;
CREATE TABLE `al_page` (
  `page_id` int(11) NOT NULL AUTO_INCREMENT,
  `page_name` varchar(255) COLLATE utf8_bin NOT NULL,
  `description` text COLLATE utf8_bin NOT NULL,
  `image` varchar(255) COLLATE utf8_bin DEFAULT NULL,
  `active` tinyint(4) DEFAULT '1',
  `page_url` varchar(255) COLLATE utf8_bin NOT NULL,
  `page_name_ar` varchar(255) COLLATE utf8_bin DEFAULT NULL,
  `description_ar` text COLLATE utf8_bin,
  PRIMARY KEY (`page_id`)
) ENGINE=InnoDB AUTO_INCREMENT=3 DEFAULT CHARSET=utf8 COLLATE=utf8_bin;

-- ----------------------------
-- Records of al_page
-- ----------------------------
INSERT INTO `al_page` VALUES ('1', 'About Us', 0x3C703E0D0A094C6F72656D20497073756D2069732073696D706C792064756D6D792074657874206F6620746865207072696E74696E6720616E64207479706573657474696E6720696E6475737472792E204C6F72656D20497073756D20686173206265656E2074686520696E647573747279262333393B73207374616E646172642064756D6D79207465787420657665722073696E6365207468652031353030732C207768656E20616E20756E6B6E6F776E207072696E74657220746F6F6B20612067616C6C6579206F66207479706520616E6420736372616D626C656420697420746F206D616B65206120747970652073706563696D656E20626F6F6B2E20497420686173207375727669766564206E6F74206F6E6C7920666976652063656E7475726965732C2062757420616C736F20746865206C65617020696E746F20656C656374726F6E6963207479706573657474696E672C2072656D61696E696E6720657373656E7469616C6C7920756E6368616E6765642E2049742077617320706F70756C61726973656420696E207468652031393630732077697468207468652072656C65617365206F66204C657472617365742073686565747320636F6E7461696E696E67204C6F72656D20497073756D2070617373616765732C20616E64206D6F726520726563656E746C792077697468206465736B746F70207075626C697368696E6720736F667477617265206C696B6520416C64757320506167654D616B657220696E636C7564696E672076657273696F6E73206F66204C6F72656D20497073756D2E3C2F703E0D0A3C703E0D0A094C6F72656D20497073756D2069732073696D706C792064756D6D792074657874206F6620746865207072696E74696E6720616E64207479706573657474696E6720696E6475737472792E204C6F72656D20497073756D20686173206265656E2074686520696E647573747279262333393B73207374616E646172642064756D6D79207465787420657665722073696E6365207468652031353030732C207768656E20616E20756E6B6E6F776E207072696E74657220746F6F6B20612067616C6C6579206F66207479706520616E6420736372616D626C656420697420746F206D616B65206120747970652073706563696D656E20626F6F6B2E20497420686173207375727669766564206E6F74206F6E6C7920666976652063656E7475726965732C2062757420616C736F20746865206C65617020696E746F20656C656374726F6E6963207479706573657474696E672C2072656D61696E696E6720657373656E7469616C6C7920756E6368616E6765642E2049742077617320706F70756C61726973656420696E207468652031393630732077697468207468652072656C65617365206F66204C657472617365742073686565747320636F6E7461696E696E67204C6F72656D20497073756D2070617373616765732C20616E64206D6F726520726563656E746C792077697468206465736B746F70207075626C697368696E6720736F667477617265206C696B6520416C64757320506167654D616B657220696E636C7564696E672076657273696F6E73206F66204C6F72656D20497073756D2E3C2F703E0D0A3C703E0D0A094C6F72656D20497073756D2069732073696D706C792064756D6D792074657874206F6620746865207072696E74696E6720616E64207479706573657474696E6720696E6475737472792E204C6F72656D20497073756D20686173206265656E2074686520696E647573747279262333393B73207374616E646172642064756D6D79207465787420657665722073696E6365207468652031353030732C207768656E20616E20756E6B6E6F776E207072696E74657220746F6F6B20612067616C6C6579206F66207479706520616E6420736372616D626C656420697420746F206D616B65206120747970652073706563696D656E20626F6F6B2E20497420686173207375727669766564206E6F74206F6E6C7920666976652063656E7475726965732C2062757420616C736F20746865206C65617020696E746F20656C656374726F6E6963207479706573657474696E672C2072656D61696E696E6720657373656E7469616C6C7920756E6368616E6765642E2049742077617320706F70756C61726973656420696E207468652031393630732077697468207468652072656C65617365206F66204C657472617365742073686565747320636F6E7461696E696E67204C6F72656D20497073756D2070617373616765732C20616E64206D6F726520726563656E746C792077697468206465736B746F70207075626C697368696E6720736F667477617265206C696B6520416C64757320506167654D616B657220696E636C7564696E672076657273696F6E73206F66204C6F72656D20497073756D2E3C2F703E0D0A3C703E0D0A094C6F72656D20497073756D2069732073696D706C792064756D6D792074657874206F6620746865207072696E74696E6720616E64207479706573657474696E6720696E6475737472792E204C6F72656D20497073756D20686173206265656E2074686520696E647573747279262333393B73207374616E646172642064756D6D79207465787420657665722073696E6365207468652031353030732C207768656E20616E20756E6B6E6F776E207072696E74657220746F6F6B20612067616C6C6579206F66207479706520616E6420736372616D626C656420697420746F206D616B65206120747970652073706563696D656E20626F6F6B2E20497420686173207375727669766564206E6F74206F6E6C7920666976652063656E7475726965732C2062757420616C736F20746865206C65617020696E746F20656C656374726F6E6963207479706573657474696E672C2072656D61696E696E6720657373656E7469616C6C7920756E6368616E6765642E2049742077617320706F70756C61726973656420696E207468652031393630732077697468207468652072656C65617365206F66204C657472617365742073686565747320636F6E7461696E696E67204C6F72656D20497073756D2070617373616765732C20616E64206D6F726520726563656E746C792077697468206465736B746F70207075626C697368696E6720736F667477617265206C696B6520416C64757320506167654D616B657220696E636C7564696E672076657273696F6E73206F66204C6F72656D20497073756D2E3C2F703E0D0A, '4093-ab.jpg', '1', 'about', 'من نحن؟', 0x3C703E0D0A09D8AED984D8A7D981D8A7D98E20D984D984D8A7D8B9D8AAD982D8A7D8AF20D8A7D984D8B3D8A7D8A6D8AF20D981D8A5D98620D984D988D8B1D98AD98520D8A5D98AD8A8D8B3D988D98520D984D98AD8B320D986D8B5D8A7D98E20D8B9D8B4D988D8A7D8A6D98AD8A7D98BD88C20D8A8D98420D8A5D98620D984D98720D8ACD8B0D988D8B120D981D98A20D8A7D984D8A3D8AFD8A820D8A7D984D984D8A7D8AAD98AD986D98A20D8A7D984D983D984D8A7D8B3D98AD983D98A20D985D986D8B020D8A7D984D8B9D8A7D98520343520D982D8A8D98420D8A7D984D985D98AD984D8A7D8AFD88C20D985D985D8A720D98AD8ACD8B9D984D98720D8A3D983D8ABD8B120D985D986203230303020D8B9D8A7D98520D981D98A20D8A7D984D982D8AFD9852E20D982D8A7D98520D8A7D984D8A8D8B1D988D981D98AD8B3D988D8B1202671756F743BD8B1D98AD8AAD8B4D8A7D8B1D8AF20D985D8A7D98320D984D98AD986D8AAD988D9832671756F743B202852696368617264204D63436C696E746F636B2920D988D987D98820D8A8D8B1D988D981D98AD8B3D988D8B120D8A7D984D984D8BAD8A920D8A7D984D984D8A7D8AAD98AD986D98AD8A920D981D98A20D8ACD8A7D985D8B9D8A920D987D8A7D985D8A8D8AFD9862DD8B3D98AD8AFD986D98A20D981D98A20D981D98AD8B1D8ACD98AD986D98AD8A720D8A8D8A7D984D8A8D8ADD8AB20D8B9D98620D8A3D8B5D988D98420D983D984D985D8A920D984D8A7D8AAD98AD986D98AD8A920D8BAD8A7D985D8B6D8A920D981D98A20D986D8B520D984D988D8B1D98AD98520D8A5D98AD8A8D8B3D988D98520D988D987D98A202671756F743B636F6E73656374657475722671756F743BD88C20D988D8AED984D8A7D98420D8AAD8AAD8A8D8B9D98720D984D987D8B0D98720D8A7D984D983D984D985D8A920D981D98A20D8A7D984D8A3D8AFD8A820D8A7D984D984D8A7D8AAD98AD986D98A20D8A7D983D8AAD8B4D98120D8A7D984D985D8B5D8AFD8B120D8A7D984D8BAD98AD8B120D982D8A7D8A8D98420D984D984D8B4D9832E20D981D984D982D8AF20D8A7D8AAD8B6D8AD20D8A3D98620D983D984D985D8A7D8AA20D986D8B520D984D988D8B1D98AD98520D8A5D98AD8A8D8B3D988D98520D8AAD8A3D8AAD98A20D985D98620D8A7D984D8A3D982D8B3D8A7D98520312E31302E333220D98820312E31302E333320D985D98620D983D8AAD8A7D8A8202671756F743BD8ADD988D98420D8A3D982D8A7D8B5D98A20D8A7D984D8AED98AD8B120D988D8A7D984D8B4D8B12671756F743B202864652046696E6962757320426F6E6F72756D206574204D616C6F72756D2920D984D984D985D981D983D8B120D8B4D98AD8B4D98AD8B1D988D986202843696365726F2920D988D8A7D984D8B0D98A20D983D8AAD8A8D98720D981D98A20D8B9D8A7D98520343520D982D8A8D98420D8A7D984D985D98AD984D8A7D8AF2E20D987D8B0D8A720D8A7D984D983D8AAD8A7D8A820D987D98820D8A8D985D8ABD8A7D8A8D8A920D985D982D8A7D984D8A920D8B9D984D985D98AD8A920D985D8B7D988D984D8A920D981D98A20D986D8B8D8B1D98AD8A920D8A7D984D8A3D8AED984D8A7D982D88C20D988D983D8A7D98620D984D98720D8B4D8B9D8A8D98AD8A920D983D8A8D98AD8B1D8A920D981D98A20D8B9D8B5D8B120D8A7D984D986D987D8B6D8A92E20D8A7D984D8B3D8B7D8B120D8A7D984D8A3D988D98420D985D98620D984D988D8B1D98AD98520D8A5D98AD8A8D8B3D988D985202671756F743B4C6F72656D20697073756D20646F6C6F722073697420616D65742E2E2671756F743B20D98AD8A3D8AAD98A20D985D98620D8B3D8B7D8B120D981D98A20D8A7D984D982D8B3D98520312E32302E333220D985D98620D987D8B0D8A720D8A7D984D983D8AAD8A7D8A82E20D984D984D985D987D8AAD985D98AD98620D982D985D986D8A720D8A8D988D8B6D8B920D986D8B520D984D988D8B1D98AD98520D8A5D8A8D8B3D988D98520D8A7D984D982D98AD8A7D8B3D98A20D988D8A7D984D985D98FD8B3D8AAD8AED8AFD98520D985D986D8B020D8A7D984D982D8B1D98620D8A7D984D8AED8A7D985D8B320D8B9D8B4D8B120D981D98A20D8A7D984D8A3D8B3D981D9842E20D988D8AAD98520D8A3D98AD8B6D8A7D98B20D8AAD988D981D98AD8B120D8A7D984D8A3D982D8B3D8A7D98520312E31302E333220D98820312E31302E333320D985D986202671756F743BD8ADD988D98420D8A3D982D8A7D8B5D98A20D8A7D984D8AED98AD8B120D988D8A7D984D8B4D8B12671756F743B202864652046696E6962757320426F6E6F72756D206574204D616C6F72756D2920D984D985D8A4D984D981D98720D8B4D98AD8B4D98AD8B1D988D986202843696365726F2920D8A8D8B5D98AD8BAD987D8A720D8A7D984D8A3D8B5D984D98AD8A9D88C20D985D8B1D981D982D8A920D8A8D8A7D984D986D8B3D8AE20D8A7D984D8A5D986D983D984D98AD8B2D98AD8A920D984D987D8A720D988D8A7D984D8AAD98A20D982D8A7D98520D8A8D8AAD8B1D8ACD985D8AAD987D8A720D987D9802ED8B1D8A7D983D987D8A7D9852028482E205261636B68616D2920D981D98A20D8B9D8A7D98520313931342E3C2F703E0D0A);
INSERT INTO `al_page` VALUES ('2', 'Terms of use', 0x3C703E0D0A095465726D73206F6620757365722064657461696C732E3C2F703E0D0A, 'page.jpg', '1', 'terms-of-use', '', '');

-- ----------------------------
-- Table structure for `al_participation_status`
-- ----------------------------
DROP TABLE IF EXISTS `al_participation_status`;
CREATE TABLE `al_participation_status` (
  `participation_status_id` int(11) NOT NULL AUTO_INCREMENT,
  `participation_status_name` varchar(255) COLLATE utf8_bin NOT NULL,
  `participation_status_name_ar` varchar(255) COLLATE utf8_bin NOT NULL,
  PRIMARY KEY (`participation_status_id`)
) ENGINE=InnoDB AUTO_INCREMENT=3 DEFAULT CHARSET=utf8 COLLATE=utf8_bin;

-- ----------------------------
-- Records of al_participation_status
-- ----------------------------
INSERT INTO `al_participation_status` VALUES ('1', 'Interested', 'مهتم');
INSERT INTO `al_participation_status` VALUES ('2', 'Going', 'ينوون الحضور');

-- ----------------------------
-- Table structure for `al_settings`
-- ----------------------------
DROP TABLE IF EXISTS `al_settings`;
CREATE TABLE `al_settings` (
  `id` int(11) NOT NULL AUTO_INCREMENT,
  `app_name` varchar(255) COLLATE utf8_bin NOT NULL,
  `email` varchar(255) COLLATE utf8_bin NOT NULL,
  `phone` varchar(255) COLLATE utf8_bin NOT NULL,
  `address` varchar(255) COLLATE utf8_bin NOT NULL,
  `logo` varchar(255) COLLATE utf8_bin NOT NULL,
  `home_banner` varchar(255) COLLATE utf8_bin NOT NULL,
  `news_banner` varchar(255) COLLATE utf8_bin NOT NULL,
  `events_banner` varchar(255) COLLATE utf8_bin NOT NULL,
  `volunteer_work_banner` varchar(255) COLLATE utf8_bin NOT NULL,
  `groups_banner` varchar(255) COLLATE utf8_bin NOT NULL,
  `training_course_banner` varchar(255) COLLATE utf8_bin NOT NULL,
  `facebook_link` varchar(255) COLLATE utf8_bin DEFAULT NULL,
  `twitter_link` varchar(255) COLLATE utf8_bin DEFAULT NULL,
  `google_link` varchar(255) COLLATE utf8_bin DEFAULT NULL,
  PRIMARY KEY (`id`)
) ENGINE=InnoDB AUTO_INCREMENT=2 DEFAULT CHARSET=utf8 COLLATE=utf8_bin;

-- ----------------------------
-- Records of al_settings
-- ----------------------------
INSERT INTO `al_settings` VALUES ('1', 'Alumni', 'test@email.com', '+0123456789', 'University full address', '7677-al-logo.png', '1062-ksu.png', '8030-anews.gif', '6145-events.jpg', '7324-volunteer.jpg', '8234-group.jpg', '2863-cou.jpg', 'http://facebook.com', 'http://twitter.com', 'http://google.com');

-- ----------------------------
-- Table structure for `al_training_course`
-- ----------------------------
DROP TABLE IF EXISTS `al_training_course`;
CREATE TABLE `al_training_course` (
  `training_course_id` int(11) NOT NULL AUTO_INCREMENT,
  `training_course_name` varchar(255) COLLATE utf8_bin NOT NULL,
  `price` decimal(10,0) DEFAULT '0',
  `description` text COLLATE utf8_bin NOT NULL,
  `training_course_url` varchar(255) COLLATE utf8_bin NOT NULL,
  `date_start` datetime DEFAULT NULL,
  `date_end` datetime DEFAULT NULL,
  `created_by` int(11) DEFAULT NULL,
  `image` varchar(255) COLLATE utf8_bin DEFAULT NULL,
  `place` varchar(255) COLLATE utf8_bin DEFAULT NULL,
  `active` tinyint(4) DEFAULT '1',
  `date_created` timestamp NULL DEFAULT CURRENT_TIMESTAMP,
  `training_course_name_ar` varchar(255) COLLATE utf8_bin DEFAULT NULL,
  `description_ar` text COLLATE utf8_bin,
  `place_ar` varchar(255) COLLATE utf8_bin DEFAULT NULL,
  PRIMARY KEY (`training_course_id`),
  KEY `al_training_course_ibfk_1` (`created_by`),
  CONSTRAINT `al_training_course_ibfk_1` FOREIGN KEY (`created_by`) REFERENCES `al_user` (`user_id`) ON DELETE CASCADE ON UPDATE CASCADE
) ENGINE=InnoDB AUTO_INCREMENT=3 DEFAULT CHARSET=utf8 COLLATE=utf8_bin;

-- ----------------------------
-- Records of al_training_course
-- ----------------------------
INSERT INTO `al_training_course` VALUES ('1', 'Course 1', '500', 0x436F7572736520312044657363, 'Course-12981', '2017-03-01 00:00:00', '2017-03-31 00:00:00', null, 'course.jpg', 'Saud University', '1', '2017-03-19 18:27:15', 'كورس تدريبى1', 0xD8AAD981D8A7D8B5D98AD98420D983D988D8B1D8B320D8AAD8AFD8B1D98AD8A8D98931, 'جامعة الملك سعود');
INSERT INTO `al_training_course` VALUES ('2', 'Course 2', '600', 0x547261696E696E6720436F7572736520322044657461696C73, 'Course-27596', '2017-03-01 00:00:00', '2017-03-31 00:00:00', null, '3721-IMG_4407.JPG', 'Saud University', '1', '2017-03-19 18:39:07', 'كورس تدريبى2', '', 'جامعة الملك سعود');

-- ----------------------------
-- Table structure for `al_training_course_participant`
-- ----------------------------
DROP TABLE IF EXISTS `al_training_course_participant`;
CREATE TABLE `al_training_course_participant` (
  `training_course_participant_id` int(11) NOT NULL AUTO_INCREMENT,
  `training_course_id` int(11) NOT NULL,
  `participant_id` int(11) NOT NULL,
  `participant_status` int(11) NOT NULL,
  PRIMARY KEY (`training_course_participant_id`),
  KEY `participant_status` (`participant_status`),
  KEY `training_course_id` (`training_course_id`),
  KEY `participant_id` (`participant_id`),
  CONSTRAINT `al_training_course_participant_ibfk_1` FOREIGN KEY (`participant_status`) REFERENCES `al_participation_status` (`participation_status_id`),
  CONSTRAINT `al_training_course_participant_ibfk_2` FOREIGN KEY (`training_course_id`) REFERENCES `al_training_course` (`training_course_id`) ON DELETE CASCADE ON UPDATE CASCADE,
  CONSTRAINT `al_training_course_participant_ibfk_3` FOREIGN KEY (`participant_id`) REFERENCES `al_user` (`user_id`) ON DELETE CASCADE ON UPDATE CASCADE
) ENGINE=InnoDB AUTO_INCREMENT=5 DEFAULT CHARSET=utf8 COLLATE=utf8_bin;

-- ----------------------------
-- Records of al_training_course_participant
-- ----------------------------
INSERT INTO `al_training_course_participant` VALUES ('2', '2', '6', '2');
INSERT INTO `al_training_course_participant` VALUES ('3', '2', '9', '2');
INSERT INTO `al_training_course_participant` VALUES ('4', '1', '9', '2');

-- ----------------------------
-- Table structure for `al_user`
-- ----------------------------
DROP TABLE IF EXISTS `al_user`;
CREATE TABLE `al_user` (
  `user_id` int(11) NOT NULL AUTO_INCREMENT,
  `user_name` varchar(255) COLLATE utf8_bin NOT NULL,
  `email` varchar(255) COLLATE utf8_bin NOT NULL,
  `password` varchar(255) COLLATE utf8_bin NOT NULL,
  `image` varchar(255) COLLATE utf8_bin DEFAULT NULL,
  `first_name` varchar(255) COLLATE utf8_bin DEFAULT NULL,
  `last_name` varchar(255) COLLATE utf8_bin DEFAULT NULL,
  `phone` varchar(255) COLLATE utf8_bin DEFAULT NULL,
  `national_id` varchar(255) COLLATE utf8_bin DEFAULT NULL,
  `major` varchar(255) COLLATE utf8_bin DEFAULT NULL,
  `graduation_year` varchar(255) COLLATE utf8_bin DEFAULT NULL,
  `user_type_id` int(11) NOT NULL,
  `reset_password_code` varchar(255) COLLATE utf8_bin DEFAULT NULL,
  `active` tinyint(4) DEFAULT '0',
  `date_created` timestamp NULL DEFAULT CURRENT_TIMESTAMP,
  PRIMARY KEY (`user_id`),
  KEY `user_type_id` (`user_type_id`),
  CONSTRAINT `al_user_ibfk_1` FOREIGN KEY (`user_type_id`) REFERENCES `al_user_type` (`user_type_id`)
) ENGINE=InnoDB AUTO_INCREMENT=12 DEFAULT CHARSET=utf8 COLLATE=utf8_bin;

-- ----------------------------
-- Records of al_user
-- ----------------------------
INSERT INTO `al_user` VALUES ('1', 'Ahmed Hany', 'ahany', 'Mbh5S7miT0/lBluGPa32pw==', null, null, null, null, null, null, null, '1', null, '1', '2017-03-17 14:17:04');
INSERT INTO `al_user` VALUES ('3', 'admin', 'admin@admin.com', 'Mbh5S7miT0/lBluGPa32pw==', 'user.jpg', 'First Name', 'Last Name', '01234567', '0123456', 'Computer Science', '2017', '2', null, '1', '2017-03-17 22:53:22');
INSERT INTO `al_user` VALUES ('4', 'محمد مجدى', 'm.magdy@yahoo.com', 'uNUYSVyRhMA2vsm40u6xRg==', '6045-avatar5.png', 'محمد', 'مجدى', '8845556', '014778855', 'علوم حاسب', '2017', '3', null, '1', '2017-03-17 22:56:36');
INSERT INTO `al_user` VALUES ('5', 'A.Gamal', 'a.gamal@gmail.com', 'vVW7z6nwrUe/+jC+WhSdnQ==', '9806-avatar.png', 'Ahmed', 'Gamal', '', '515454121', 'IT', '', '3', null, '0', '2017-03-17 23:40:48');
INSERT INTO `al_user` VALUES ('6', 'test', 'test@test.com', 'Mbh5S7miT0/lBluGPa32pw==', 'user.jpg', '', '', '', '12345', '', '', '3', null, '1', '2017-04-07 01:07:50');
INSERT INTO `al_user` VALUES ('7', 'e', 'e@e.e', 'NAVE2V8wNvHDCDQbEKK+3Q==', 'user.jpg', null, null, '', '12', null, null, '3', null, '0', '2017-04-07 02:37:50');
INSERT INTO `al_user` VALUES ('8', 'lalo', 'lalo@l.co', 'FvEYMqhk8BYGxYLvExY4XA==', 'user.jpg', null, null, '', '88997', null, null, '3', null, '0', '2017-04-08 22:28:14');
INSERT INTO `al_user` VALUES ('9', 'Badriah', 'badriah@mm.com', 'vVW7z6nwrUe/+jC+WhSdnQ==', '417-avatar6.png', null, null, '998', '123456', null, null, '3', null, '1', '2017-04-25 20:04:10');
INSERT INTO `al_user` VALUES ('10', 'asd', '123!j@jdhj.com', 'RHiOjZu62lDN6iuOepTsIw==', 'user.jpg', null, null, '', '88888', null, null, '3', null, '0', '2017-04-25 20:31:31');
INSERT INTO `al_user` VALUES ('11', 'Wageha', 'wee@jfnjf.com', 'RHiOjZu62lDN6iuOepTsIw==', '222-avatar3.png', null, null, '', '78877874545', null, null, '3', null, '1', '2017-04-25 20:44:47');

-- ----------------------------
-- Table structure for `al_user_type`
-- ----------------------------
DROP TABLE IF EXISTS `al_user_type`;
CREATE TABLE `al_user_type` (
  `user_type_id` int(11) NOT NULL AUTO_INCREMENT,
  `user_type_name` varchar(255) COLLATE utf8_bin NOT NULL,
  PRIMARY KEY (`user_type_id`)
) ENGINE=InnoDB AUTO_INCREMENT=4 DEFAULT CHARSET=utf8 COLLATE=utf8_bin;

-- ----------------------------
-- Records of al_user_type
-- ----------------------------
INSERT INTO `al_user_type` VALUES ('1', 'Super Admin');
INSERT INTO `al_user_type` VALUES ('2', 'Admin');
INSERT INTO `al_user_type` VALUES ('3', 'Student');

-- ----------------------------
-- Table structure for `al_volunteer_work`
-- ----------------------------
DROP TABLE IF EXISTS `al_volunteer_work`;
CREATE TABLE `al_volunteer_work` (
  `volunteer_work_id` int(11) NOT NULL AUTO_INCREMENT,
  `volunteer_work_name` varchar(255) COLLATE utf8_bin NOT NULL,
  `description` text COLLATE utf8_bin NOT NULL,
  `place` varchar(255) COLLATE utf8_bin DEFAULT NULL,
  `date_start` datetime DEFAULT NULL,
  `date_end` datetime DEFAULT NULL,
  `created_by` int(11) DEFAULT NULL,
  `image` varchar(255) COLLATE utf8_bin DEFAULT NULL,
  `active` tinyint(4) DEFAULT '1',
  `date_created` timestamp NULL DEFAULT CURRENT_TIMESTAMP,
  `volunteer_work_name_ar` varchar(255) COLLATE utf8_bin DEFAULT NULL,
  `description_ar` text COLLATE utf8_bin,
  `place_ar` varchar(255) COLLATE utf8_bin DEFAULT NULL,
  `volunteer_work_url` varchar(255) COLLATE utf8_bin NOT NULL,
  PRIMARY KEY (`volunteer_work_id`),
  KEY `al_volunteer_work_ibfk_1` (`created_by`),
  CONSTRAINT `al_volunteer_work_ibfk_1` FOREIGN KEY (`created_by`) REFERENCES `al_user` (`user_id`) ON DELETE CASCADE ON UPDATE CASCADE
) ENGINE=InnoDB AUTO_INCREMENT=3 DEFAULT CHARSET=utf8 COLLATE=utf8_bin;

-- ----------------------------
-- Records of al_volunteer_work
-- ----------------------------
INSERT INTO `al_volunteer_work` VALUES ('2', 'Vol Work 1', 0x566F6C20576F726B20312044657461696C73, 'AlRiyahd', '2017-03-15 07:00:00', '2017-03-15 17:00:00', null, 'work.jpg', '1', '2017-03-19 19:34:12', 'عمل تطوعى 1', 0xD8AAD981D8A7D8B5D98AD98420D8B9D985D98420D8AAD8B7D988D8B9D9892031, 'الرياض', 'Vol-Work-19');

-- ----------------------------
-- Table structure for `al_volunteer_work_participant`
-- ----------------------------
DROP TABLE IF EXISTS `al_volunteer_work_participant`;
CREATE TABLE `al_volunteer_work_participant` (
  `volunteer_work_participant_id` int(11) NOT NULL AUTO_INCREMENT,
  `volunteer_work_id` int(11) NOT NULL,
  `participant_id` int(11) NOT NULL,
  `participant_status` int(11) NOT NULL,
  PRIMARY KEY (`volunteer_work_participant_id`),
  KEY `participant_status` (`participant_status`),
  KEY `volunteer_work_participant_ibfk_2` (`participant_id`),
  KEY `volunteer_work_id` (`volunteer_work_id`),
  CONSTRAINT `al_volunteer_work_participant_ibfk_1` FOREIGN KEY (`participant_status`) REFERENCES `al_participation_status` (`participation_status_id`),
  CONSTRAINT `al_volunteer_work_participant_ibfk_2` FOREIGN KEY (`participant_id`) REFERENCES `al_user` (`user_id`) ON DELETE CASCADE ON UPDATE CASCADE,
  CONSTRAINT `al_volunteer_work_participant_ibfk_3` FOREIGN KEY (`volunteer_work_id`) REFERENCES `al_volunteer_work` (`volunteer_work_id`) ON DELETE CASCADE ON UPDATE CASCADE
) ENGINE=InnoDB AUTO_INCREMENT=5 DEFAULT CHARSET=utf8 COLLATE=utf8_bin;

-- ----------------------------
-- Records of al_volunteer_work_participant
-- ----------------------------
INSERT INTO `al_volunteer_work_participant` VALUES ('3', '2', '6', '2');
INSERT INTO `al_volunteer_work_participant` VALUES ('4', '2', '9', '1');
